,0.5_3,0.5_6,0.5_9,0.5_12,1_3,1_6,1_9,1_12,2_3,2_6,2_9,2_12,3_3,3_6,3_9,3_12,id,fixed
0,0.0860011776666494,0.09065650422127,0.0916122178805334,0.0919545444242971,0.0677038728523631,0.100506799543781,0.114577384174628,0.120472781751663,0.201074584169656,0.153181726620587,0.0830432878911932,0.0544239371308688,0.149188448925737,0.210927215110694,0.251118087606641,0.250145740235473,0.146519553024548,0.3593532298675598
1,0.0111088869273024,0.0108252526059446,0.010789890891282,0.0107786789767398,0.0110773940589315,0.0104265673839081,0.0107374369910236,0.010882209048318,0.135263728038332,0.0223241616406333,0.017432205614297,0.0156928750515242,0.265428214488308,0.166774040886748,0.0916569377020108,0.05229437615776,0.293885378289942,0.25147189795135516
2,0.0231533418119658,0.0236953984067834,0.0238161440471449,0.0238597807543763,0.0189547985011773,0.025479769706712,0.0275642247852168,0.0283749603003819,0.101064112937648,0.0166579538930951,0.0146826831336571,0.0183999274027536,0.244760777376652,0.134609718172682,0.0562312741726358,0.0304680505727204,0.271965736401419,0.2624954587311442
3,0.387749077172256,0.391099267660051,0.391650360097907,0.391840221502941,0.445072334395259,0.412315698958138,0.410092998789988,0.409823787864866,0.280813386068018,0.68108465021343,0.657345796946075,0.505064849695199,0.174340553286485,0.251062547996656,0.37368510134702,0.528060813760457,0.167063562800089,0.06750704361465187
4,0.00179986481984051,0.0018737418112118,0.00188853369229891,0.00189179843566212,0.00145735280707016,0.00199572602760556,0.00227588468851081,0.00239082610348107,0.0591961112165176,0.00446430435766576,0.00227637689327165,0.00164700066461787,0.123247193529861,0.0837881165992586,0.0438961508664621,0.0193780041249663,0.126625529487373,0.10769505701372084
5,0.224919949629201,0.251282385104435,0.256435021449761,0.258257373346754,0.177141118217699,0.37263287995637,0.426528307819651,0.44675756320189,0.0317548775723403,0.0344106198497051,0.0899855853990609,0.168509209824948,0.0989721504610317,0.0331542478625775,0.0181012320135447,0.0205623939928505,0.104884944653101,0.24591403732503825
6,0.133808639042484,0.130858585903509,0.130326094694131,0.130141037832724,0.177507067360572,0.131172719836034,0.125131538009969,0.123266824038379,0.21365632725486,0.433735653111551,0.363912287097813,0.244738998114015,0.138110066145093,0.208328501815391,0.278649416464876,0.355135538014031,0.134573238991463,0.42593766408141986
7,0.516249424075881,0.542704949052093,0.544727030275615,0.542199806675441,0.568227417715328,0.700216638550449,0.715425649065147,0.719278482056242,0.122329236500482,0.262063225414689,0.504558837263154,0.68961452522944,0.117340406982411,0.124137574551996,0.133728246814596,0.161014675528301,0.117316527119671,0.09266076242562482
8,0.499726990910995,0.518489635112594,0.521955523983364,0.523093873479945,0.462955477123024,0.585863729723969,0.615788488105178,0.626770106814918,0.256530121426557,0.340465920778937,0.405668910522628,0.445987501116444,0.277960620509753,0.244503405937632,0.259018197219003,0.282658420972662,0.300589674464339,0.5509151699400933
9,0.125380794532367,0.120257840664284,0.119377920970184,0.119076181415873,0.150983192666412,0.111861561607161,0.106385813574531,0.104629636000078,0.344649780855448,0.218626559092621,0.238136222680436,0.207728852923427,0.345661542184708,0.428462798306327,0.32421828638054,0.220465566114131,0.338072009764415,0.2803920787668154
10,0.0678597245360892,0.0616506748296521,0.0606499364651715,0.0603095375135999,0.0710605716271051,0.0464886297597301,0.0439412195735033,0.0431694593455775,0.5356157646512,0.21242453788771,0.0872936055827018,0.0667731653049231,0.68596333877596,0.537849959944164,0.443163832050999,0.398812900440409,0.697349740428228,0.5959287585620177
11,0.135792269617677,0.130974236987911,0.129667854440685,0.128700555316099,0.153838423570514,0.130752425479219,0.122069399908304,0.118689733185504,0.309946982591439,0.124680803684082,0.12031660446997,0.157696157075923,0.360277029402585,0.346456608624876,0.28693883517408,0.217579663460708,0.358807870508983,0.22944939418260002
12,0.41012142691096,0.452430017235116,0.460317661984804,0.463078702639124,0.472442278723438,0.698992467970211,0.737543337069376,0.750139094769877,0.0384688970724267,0.20216309073103,0.439545376694348,0.598612267185575,0.0261798936626657,0.0286129801397508,0.0636397217149043,0.130428154118244,0.0268863934658838,0.023007510823175203
13,0.40252836995159,0.416438224713015,0.418888124836292,0.419549706302763,0.398600813146727,0.465916677688695,0.488156850350183,0.496791667170632,0.462340788778268,0.533310498829678,0.399713941504022,0.348368313257619,0.151999077943842,0.432597438580702,0.73595396514646,0.774578090522651,0.143947233510313,0.2822271864681596
14,0.759429103674968,0.745496922982545,0.742679265061941,0.741677975712532,0.79670730279447,0.683710472146076,0.651289828685304,0.639221932693827,0.678358470202176,0.816859769302598,0.885043566685999,0.842680435799815,0.71304231282141,0.656696908644908,0.649299941600753,0.679290750087014,0.728167171595128,0.7607319332439896
15,0.219904067031157,0.21173741844015,0.210301114515124,0.209804132002495,0.266680001560349,0.194213900257211,0.185134663124586,0.182375831581119,0.300788517099474,0.530469326231566,0.482645494976868,0.342725463219599,0.316345712812458,0.259499877841603,0.306561476613384,0.428008998392389,0.326920277351716,0.5737347686385492
16,0.105609608191379,0.122570317272325,0.126058969862779,0.127305447896596,0.0524701966645231,0.182898676487501,0.237175960820038,0.260067868088164,0.053790120862569,0.00700721117614611,0.0108414998337161,0.0283179202037228,0.166451652876445,0.0897377416623306,0.0230605749314534,0.00969718494812566,0.168373082982772,0.5101325926916507
17,0.223400322228851,0.228003552867738,0.229006669297907,0.229368602607178,0.179688530056668,0.230978106231111,0.250329814721337,0.258155452964828,0.395983520267773,0.22542087703573,0.139445032138617,0.134991190813801,0.375985722540983,0.389263773238003,0.424414384685126,0.424775272289085,0.368508792608741,0.2183482802882638
18,0.0604648309550121,0.071617890688928,0.073960141072597,0.0748006009631892,0.0237267257747455,0.109664240755694,0.150679534064726,0.168540857278198,0.0586843263071142,0.00230453104025696,0.00288399453449628,0.00912420729257968,0.216749005156092,0.103007763301804,0.0241856797814588,0.00740112812177895,0.226543447029853,0.27495161690997616
19,0.631596165497289,0.621914263592686,0.620121936291834,0.619492215191188,0.602389783064916,0.563349560308432,0.556436866188434,0.554162192405595,0.651334081510597,0.547586333123061,0.613318776700907,0.604288427580612,0.747860577437255,0.668532384032778,0.572725399454095,0.526890617543442,0.747536120348875,0.6314138692966365
20,0.509583470139962,0.475175276546749,0.469053040882989,0.466930535510997,0.458769328473393,0.342186415045352,0.322697013590421,0.31606558792812,0.870670033844973,0.56971379073398,0.445058407093737,0.387558879249455,0.952272079817686,0.884272903062971,0.766391942520193,0.690014501005251,0.953791882996023,0.9849181161877981
21,0.00675797114505383,0.00799803073263439,0.00824674456640462,0.00833670835018974,0.00487665659801362,0.0135882133140856,0.0169997037488805,0.0184153928530806,0.00354661487925401,0.00426480645226546,0.00391653614119936,0.00436600532179321,0.00769940601622709,0.00378384964185208,0.00342491458974503,0.00508322640602732,0.00752983023733056,0.019228725146820724
22,0.0913828826044153,0.0930890888387496,0.0934049415309206,0.0935154117356454,0.109968389119021,0.106673331105001,0.107011577389172,0.107228519503594,0.132792487433632,0.220020281966857,0.158940295338816,0.132740934704303,0.0684342584187008,0.103542906485576,0.224845766411834,0.338718511096413,0.0688387351611408,0.09169523626920062
23,0.102338681732529,0.0973806143111623,0.0965069775901868,0.0962038077410194,0.141801741477104,0.0934097559202354,0.0854894467369967,0.0828436097044831,0.293166876587812,0.284205802258308,0.216730132854013,0.192882461336095,0.221322719023808,0.286039227529366,0.357170291361973,0.393730582415748,0.219994080998719,0.4797997573292423
24,0.765173912518158,0.777751711491482,0.779978855395912,0.78074882003204,0.774190646962066,0.828698019514071,0.83635969081706,0.838752367902363,0.456071913886033,0.618875218661873,0.739022683175167,0.802644598212223,0.444489128044672,0.441074253595658,0.465115190285615,0.51293436128907,0.440988411373564,0.2870719573244328
25,0.295696282491993,0.306992834658058,0.309130646791104,0.309880225676008,0.269915467670335,0.356546166060767,0.373741326568765,0.379750395944273,0.15969498214226,0.114864264075981,0.188593285788138,0.278938665374833,0.269652643431255,0.169172091385085,0.12149386967477,0.109695147318876,0.287044475129685,0.5450876664996013
26,0.129884905487648,0.117295051788107,0.115203125242532,0.114487484683722,0.164326277055493,0.0877953007583165,0.0798680607535536,0.0774635773010861,0.658407139409656,0.59244266055637,0.333557660345555,0.191356484042478,0.541133556624075,0.649067084701848,0.727872168349834,0.742741855937395,0.550806982101124,0.6011253859198554
27,0.898493171247431,0.895998049374888,0.895382539874022,0.895155084529106,0.908330762108832,0.88102825362942,0.863932170904557,0.856359117603273,0.790682823833892,0.829133258931466,0.871573956729235,0.907042665943898,0.786567386370948,0.801794143391034,0.768998866236675,0.77364728441565,0.787201528637228,0.6719812435762045
28,0.214199257727818,0.225105212732215,0.227003109185558,0.22765854661126,0.301288600811652,0.300337264688135,0.296929030190457,0.2956884473239,0.0652135165791977,0.370395426892727,0.466062873522722,0.447279488676344,0.0177507345444385,0.0590534191501799,0.140974873281358,0.238785537783861,0.0167274138412086,0.08817802177887657
29,0.696834556821154,0.672532972157826,0.667826816898776,0.666108561761197,0.725195556541636,0.570723950407834,0.537936129662266,0.526513562731352,0.84562055330946,0.855597370126809,0.835113968991465,0.73334513336091,0.802383417727694,0.857325690591159,0.85360634490488,0.830165593585386,0.798140483798696,0.4602391274483544
30,0.724228519283584,0.741504196419495,0.744520040259231,0.745561722422682,0.755228062219463,0.823835383232788,0.829830679780603,0.831187162757074,0.375750582383866,0.542298156698137,0.688982938048231,0.800080695196381,0.268728381927359,0.357090010178657,0.463698131380374,0.520242131844343,0.273989599425243,0.16840807010660352
31,0.376883833075347,0.381133444223398,0.381646229595888,0.381634953725355,0.437587888960337,0.417532268683517,0.410216733338853,0.407602094295867,0.182391879614332,0.421399668193352,0.542101119548638,0.555018655071955,0.187027733695005,0.163359529018814,0.188080563588301,0.280350843812179,0.190760356618869,0.3080319934552863
32,0.13280051226541,0.134382095653057,0.134598858874315,0.134669109893362,0.196803916143892,0.161678196222007,0.152754722850937,0.149674539092454,0.0996305234428099,0.222484079831438,0.280049329745509,0.32095196526772,0.0463758315410552,0.0862434204297968,0.176485508012998,0.25240721713748,0.0451950159282728,0.16390292307264087
33,0.0830491006947813,0.0833480126317859,0.0833147470497869,0.083155501055043,0.0789236487812643,0.0877241947170754,0.0898736886323616,0.090636379299629,0.233244524353355,0.0739221797755949,0.0658369091099189,0.0779637563607936,0.278401636094205,0.279486485169581,0.2153255051428,0.144927397667316,0.272699459841672,0.6306461748610891
34,0.563171856949262,0.545733265550994,0.542117950298574,0.540681369197261,0.624244851608015,0.509496519616333,0.466571571720087,0.450471739778659,0.501252060663188,0.368589086561892,0.54494353239847,0.728841337846912,0.650773483110847,0.527761214255215,0.393232294000762,0.363268340984821,0.64830228193252,0.5630161502229669
35,0.020608591021602,0.0251671363725672,0.0260860545231368,0.0264121569597868,0.0191128179105684,0.0537989588718366,0.0648514264273592,0.0691981188574645,0.000647013870804014,0.0024302524777482,0.0103866591743865,0.0253437118688831,0.00111236313901086,0.000708943122496142,0.000902049842040675,0.00128659727129243,0.00115517463426529,0.0020874608315266663
36,0.199912944901881,0.202053577187788,0.202372271179933,0.202478254310307,0.255643671052012,0.231536538506807,0.223387020457748,0.22055551175887,0.0692792715147053,0.17860276311866,0.361376698639042,0.411215813488653,0.119654144461617,0.0702854859138715,0.0554274464844047,0.0702043252986411,0.128989239236361,0.06618835812974455
37,0.203488595734073,0.205503892371748,0.20607696087288,0.206292033913277,0.145254471670938,0.193554406390929,0.212987517484317,0.220864779385545,0.475802967390543,0.228090674039136,0.120034079859874,0.095203269487256,0.554356262530262,0.501384215507997,0.425751893075946,0.352131314204077,0.569341792728199,0.7791406724842749
38,0.569694032407815,0.556816052837103,0.554613128615939,0.55385652730526,0.505059346918286,0.47065626763174,0.476309310877499,0.47945779627706,0.841157676034063,0.69581238057082,0.502323592801729,0.41288427678061,0.79277697999655,0.864034631366152,0.847306572227489,0.815500550281204,0.771915583698251,0.9199153032212591
39,0.1557926739025,0.157940531625501,0.158521499641455,0.158737010257551,0.0996668721069169,0.150346435112773,0.168146937171081,0.175241453330355,0.393679852413391,0.074440034883248,0.0537259945160908,0.0640111648794492,0.654494708940167,0.465333869651153,0.250589631156866,0.141808651567092,0.677595931725654,0.5141825767271639
40,0.0435645962551654,0.0470472478527599,0.0477624934413721,0.0480125842909538,0.0269728351684881,0.0551553553686184,0.0664870713968959,0.0712206607703822,0.0974137229095642,0.0401750147703366,0.0179732764885572,0.0155559790004536,0.208733941753804,0.0977118955257684,0.0690815357117032,0.0685966981808441,0.21887377291678,0.6052334237823771
41,0.110818578637246,0.119836765813973,0.121585558891856,0.122203125763794,0.0962727461672439,0.157873704321817,0.175281406428714,0.181889929757955,0.10019628412298,0.0886323866412163,0.0641516524835908,0.0769002118266213,0.0725993068993775,0.10532063794737,0.133110159703641,0.15173230583701,0.067481613904197,0.1962923261630256
42,0.0283813700296536,0.0336734963149792,0.0347771095109906,0.0351735359196744,0.012865909759207,0.0522093719865895,0.070761637203191,0.0787930802231802,0.0457082769385163,0.00780127354938953,0.00333869131263542,0.00477043772845553,0.0640644292261157,0.0522730062525468,0.0436455136466189,0.0363728364933074,0.0653687933821923,0.07240958169871581
43,0.680465303460969,0.686424850212602,0.687319648166573,0.687617031701387,0.731409656668739,0.725892758027752,0.713965256138638,0.708752041787374,0.40132815227691,0.580118194629093,0.746793338829696,0.815748035017885,0.388503139438959,0.4285744966451,0.390919140255042,0.399256978353824,0.375533658553583,0.35224927488503543
44,0.193574681301501,0.174771830885111,0.171554439340577,0.170447507486901,0.269569626322062,0.132714488936365,0.117207950645419,0.112457675771487,0.720424391786423,0.779201011671872,0.532929365969109,0.319272880517876,0.429054229151509,0.675933922136233,0.883329985100635,0.917467172823872,0.424316091739989,0.7716852060830786
45,0.484697870507261,0.496192775232786,0.498477834538515,0.499293206081175,0.405590892568018,0.516917721146225,0.548986491629738,0.561164850470372,0.495208908427262,0.375409529896037,0.274631884693384,0.296314915728871,0.459103304564119,0.501605696815558,0.515136808066172,0.521781084226581,0.467358556551935,0.5350275101103026
46,0.428945120557811,0.408554498187466,0.405119315862558,0.403941423308615,0.322646940945413,0.308686551002188,0.311571653673583,0.312903693149224,0.864606500675675,0.386704210356078,0.225272347483336,0.204292002613457,0.94481599709538,0.899067368389682,0.758727193868467,0.600658704788992,0.945719708908663,0.8018868035302164
47,0.378899512994346,0.390440672129925,0.392609308949454,0.393370550126564,0.380781149231556,0.433638364766935,0.451130449095422,0.457892676261237,0.329561672438146,0.519583549521382,0.422885592216875,0.353152755469206,0.18075630208923,0.276658006711269,0.486089414303443,0.617796042057438,0.174662072443131,0.11326019398720044
48,0.0133980319518934,0.0151043389164378,0.0154306407714158,0.0155456592458029,0.0155028872711991,0.0257370484698662,0.0277103201007451,0.02840842276693,0.00125225535622708,0.00146635083967595,0.0177966778747786,0.0396655377654901,0.0108005377626683,0.00337960736465126,0.000354475255009645,0.000173009083867637,0.010731537549364,0.1252886417364344
49,0.617169863374187,0.634220767081858,0.63725318439049,0.638306774841897,0.618478627203639,0.707493879459907,0.719228497470757,0.722612247728828,0.291512979109449,0.449546163013668,0.550585682598379,0.628582395033257,0.280037472230965,0.27265852486811,0.311835842376124,0.371610996176864,0.285359156937978,0.24940279583099179
50,0.272692628040283,0.274436671690437,0.27489841640389,0.275044955899372,0.236169863328014,0.26398125135834,0.280323041285524,0.287217801379381,0.397943844610928,0.341210939168635,0.297050960969403,0.220043524689902,0.42058801269744,0.415508091276979,0.389528034917722,0.347566014120777,0.420311914009636,0.27768626874250724
51,0.33798604161825,0.351724440532658,0.354358596932944,0.355226385895921,0.269308998806717,0.387313809845583,0.419429779808207,0.431517457499691,0.309914485022403,0.172613927682495,0.161529151766483,0.209370074224378,0.351997423079936,0.330668612372423,0.291696354131232,0.245954617414471,0.354732510642309,0.2545784973999311
52,0.102642384348984,0.10547761220564,0.105994288279822,0.106162369416318,0.116927239559995,0.123932242892495,0.12568719553018,0.126375411077748,0.0665804562104249,0.112521031214915,0.175186560711685,0.164832931309258,0.106522578907727,0.0822801728161697,0.0514212448075325,0.0482769652449316,0.104983925376192,0.46170746924663353
53,0.559575101121315,0.575710105161675,0.578900856466149,0.580032709641721,0.469017921916769,0.603607574564889,0.64676276700279,0.663557877990887,0.506215646566842,0.455240269616639,0.380724308186412,0.357328363526999,0.472807504315508,0.5336750660731,0.516530495639286,0.490429935364804,0.465984260484599,0.18800593910737784
54,0.0174591136777515,0.016909611497104,0.0168392260587753,0.0168159883544405,0.0147306863876508,0.0145225802810063,0.0155490460397911,0.0160134766535538,0.221552237347886,0.0829545815439594,0.0286099695840091,0.0135928282936658,0.414978239150159,0.230150378296068,0.155950502801935,0.132873192488598,0.439804735021187,0.30829407000909737
55,0.0337651344351848,0.037122214349826,0.0378346437796854,0.0380901642961127,0.0169342591300009,0.0428337209376071,0.0551607161071668,0.0606250805372062,0.153365782832704,0.0245117350306365,0.00851585235371266,0.00822142937799697,0.25112272821519,0.180260292996773,0.114743377953908,0.0794472019979342,0.25633804892972,0.350212117826748
56,0.266499448498329,0.274497183614108,0.275873885704512,0.276344447637454,0.326592494679442,0.329060788127769,0.326168421522517,0.325126005843337,0.104919335044706,0.226559458896484,0.436797695022912,0.4855250897607,0.0906636856911477,0.11159831825231,0.12540020635713,0.133190490944795,0.0923131306592544,0.10182028335042803
57,0.735795013014658,0.701425821590369,0.694840906906928,0.692498341528847,0.743249598311256,0.543409046786229,0.505799373271199,0.493223668981453,0.962227662620669,0.92175259336815,0.79936099554013,0.687826321283512,0.92665379682053,0.958768175358989,0.973423922333511,0.974910295239028,0.921526772073272,0.6593531161368297
58,0.861390275835938,0.868301244038997,0.869525529021251,0.869950113199907,0.855531591974797,0.887398899879664,0.893387465030497,0.895469527004644,0.704532770603716,0.752446124379189,0.808239819534324,0.847564412492809,0.63356290012028,0.672505727374169,0.753052980999778,0.791123570996275,0.625529265721571,0.6143931909002376
59,0.535897382718713,0.548113850584467,0.550359241752327,0.551142465138509,0.519531045290465,0.591330164685716,0.605718763645246,0.610988613337143,0.269796403044882,0.295746564470364,0.490480454838458,0.574810990675642,0.386732982513718,0.309316644560042,0.200709698206793,0.169036334493225,0.387527192786329,0.3860623549417326
60,0.428576979440716,0.410911364363267,0.407688689425603,0.406564991403566,0.424410029253192,0.347229971683078,0.329982127164746,0.323843242933877,0.599791895999198,0.466544931571418,0.414441568036093,0.408019440597262,0.688543752697443,0.623130000858529,0.519928782656106,0.498407235797199,0.689699361803973,0.4905863579487961
61,0.292246052337694,0.273153230177991,0.269854751428673,0.268599236166791,0.270595632573574,0.209528086021203,0.20399687614092,0.202466113103764,0.789722316832454,0.497354318303162,0.306581084974006,0.224388462549952,0.844985289809108,0.824606949910137,0.720536174723822,0.626907989584159,0.84010761017421,0.7521052852188441
62,0.279682356452773,0.291695695108901,0.293903468339845,0.294672267111401,0.282292185671305,0.351118614735365,0.362249946130553,0.365900587889673,0.127546141103184,0.128537511998584,0.258663742553978,0.338758273598293,0.155341485090151,0.139772364029509,0.1244811730918,0.111120620002781,0.155770983831623,0.18895088982203445
63,0.0116573116715097,0.0115541850196432,0.0115382383896814,0.0115246921024037,0.0173731394046386,0.0131931311566583,0.0123076063706085,0.0120028063648497,0.0299079559391239,0.0194979797054189,0.0404369132493034,0.0393839844216805,0.0654912497141392,0.0411143883843356,0.0205988308431755,0.0140267791606141,0.0679408002117846,0.09137498171129788
64,0.862642683070184,0.874905304646103,0.877086742027102,0.877844443421426,0.871466217539787,0.92044503261883,0.930159224122182,0.93372770641638,0.554457653481362,0.750809934985612,0.837497707952111,0.897925732404651,0.486611553189108,0.516239578412703,0.597594226470673,0.689167099293077,0.49258023231383,0.42974867759538016
65,0.136198791681595,0.139565415542943,0.140336965515347,0.140615380104843,0.100717862470544,0.138035337266412,0.155212095433651,0.162382100983635,0.326753808769289,0.274983927337159,0.110614705357673,0.0655809097304734,0.337503161029677,0.302341798881223,0.339265710948887,0.381818829335685,0.340331324846411,0.32751088395441197
66,0.512411801449196,0.51073103734664,0.510385661177665,0.510258626700588,0.514757035962593,0.50062439667624,0.497702356883726,0.496801371056807,0.417394225461271,0.432442525264742,0.544758195042193,0.575557182295723,0.492857338121619,0.407458291031401,0.385711350326898,0.392927069596786,0.50340642990854,0.2694542533017761
67,0.873324298901216,0.875811671762355,0.876119855533046,0.876215132892432,0.899332781585015,0.888970751125842,0.878935861500715,0.874237718838771,0.767863469746104,0.896002616190748,0.889157681595531,0.886450120328232,0.563875459812548,0.740470471247434,0.866395677794997,0.908796563471327,0.552088222239414,0.5768351718841294
68,0.862004600710736,0.881185390105958,0.884474110886615,0.8856055571928,0.916670934780329,0.963287051857836,0.968270237121792,0.969816143742621,0.326647664003285,0.657490028420733,0.937599391718332,0.98685537777586,0.246828875584923,0.317825697529731,0.384229305188652,0.46383947877686,0.239557698900456,0.30665466699764354
69,0.334144988562544,0.359591224458519,0.364651765184961,0.366449693996069,0.219511188845588,0.433806182404378,0.500225897035058,0.525516860876409,0.248460655642014,0.142771761457206,0.0983362556092955,0.11749169977882,0.330104215093831,0.271820115557753,0.207003132196839,0.185495203898476,0.331596482338216,0.5080428016163019
70,0.282688101250572,0.311728818378348,0.317332083773242,0.319312018872429,0.262362229996828,0.428277802411286,0.481653051241563,0.503009880916837,0.0987601614415854,0.195503695086982,0.24813175066333,0.277777320713361,0.0378108994677102,0.100218044433946,0.185018880208348,0.214404348892869,0.0367615804719865,0.18463328804998946
71,0.410008699453144,0.431415403772991,0.435426429481115,0.436833011115878,0.384413036880298,0.523033628358432,0.552353278154566,0.562753910199578,0.168279011553205,0.196127363981198,0.280947782671483,0.392799988821462,0.192444536020847,0.163851428927112,0.169884338873981,0.184908528614971,0.205189787925674,0.2625375263306058
72,0.0999284794665299,0.0984399130884548,0.0982493064793132,0.0981907393387484,0.08478678083691,0.0929708008868136,0.096004013392657,0.0971561692775885,0.368109991975082,0.0760121880550896,0.0686522319328371,0.07657026003801,0.528266549858204,0.447675432804278,0.27720208841312,0.152862591511225,0.52952093933562,0.416417533006326
73,0.216984767709107,0.220834672600084,0.221575978210821,0.221837197639476,0.215937930126339,0.239450793187383,0.24564910607831,0.247971336942888,0.248601902036005,0.247194424748256,0.206306391138356,0.208426978376349,0.21197653794202,0.254948531427662,0.281075611231542,0.30668207265046,0.20294707342531,0.13183187556645615
74,0.0684215036095469,0.0632232227861595,0.0623733786829946,0.0620822870965625,0.0914103217062538,0.0524320547818246,0.0490150286901393,0.0480447366285737,0.397505194789683,0.392011543503943,0.22984983683797,0.12651753904724,0.322403135651951,0.397470411424123,0.455594030017586,0.466997257063997,0.321897186700463,0.31603480829244623
75,0.00973876220709879,0.0100936276595442,0.0101617747658835,0.0101862776995789,0.00983501439844581,0.0117885786112031,0.0123448721194472,0.0125605588814031,0.065555531164863,0.0127014879767258,0.0106371449243557,0.0119339935417383,0.0752716332603132,0.0808777089306681,0.0729500355682283,0.0477574363797373,0.0751074137475013,0.022376969233986244
76,0.0018250265707993,0.00235971380066136,0.00247608215622674,0.00251870185427561,0.000373279584450437,0.00408273641251489,0.00672879915705171,0.00803027514695542,0.0146712928885648,1.21474760662599e-05,8.79308290979708e-06,7.18130430341635e-05,0.159253732490368,0.0372126291419739,0.00340850880463028,0.000394140785667241,0.169602174462813,0.3366255104863809
77,0.304128431469912,0.292233802692194,0.290266382221039,0.289594866331376,0.268453066883775,0.240554181154595,0.241883203766742,0.242932220946957,0.676946500121861,0.395128966454331,0.290772805755174,0.232337926791517,0.729238104293751,0.758961311587368,0.600557748369609,0.450390355999574,0.718670781655697,0.8270048222620228
78,0.966208365447354,0.967485032242746,0.967718231955838,0.967798040023278,0.947274488020997,0.961443492836188,0.964868494025214,0.966088708652674,0.93344465481011,0.885062513652979,0.886387621503836,0.898528446766524,0.92477501682237,0.940452550356218,0.924533157649458,0.903128044611189,0.917814180377105,0.9263057092186043
79,0.20706513721016,0.195850857140724,0.193942496255746,0.193287308297264,0.206130130680393,0.16562296039202,0.158809558442604,0.156492023583129,0.527003118746346,0.321891030924505,0.197205016923486,0.181069917061506,0.62174461332036,0.529796406339287,0.462896243720383,0.445527904606118,0.646883511403208,0.5616517944509133
80,0.0213222716619875,0.0194921865409204,0.0191962756536306,0.0190960535638163,0.025337745542,0.0151122341673089,0.0142384511392162,0.0139892754471199,0.491695860990675,0.144623934673949,0.0551872125225985,0.0340335006714658,0.61679348050532,0.531732053894862,0.407972338970203,0.317197152966512,0.61705102575693,0.24205064685101352
81,0.110174056322746,0.132892789233901,0.137461887754335,0.13908378601199,0.0875818343933424,0.267192375744582,0.322218574976505,0.343159647062233,0.0178519206390837,0.00903970981517954,0.0233878402858096,0.0737613912762448,0.00897663728808884,0.0247240496326486,0.0327325352591813,0.0245255884914706,0.00833737280426239,0.09924789750683727
82,0.0310534384165437,0.0331316284268673,0.033402811957985,0.0332989698351551,0.0171919109677471,0.0370414876749812,0.0451766658832116,0.0485403487466999,0.179569578021453,0.02682136280636,0.00854876206045152,0.00858945402210487,0.318658991368168,0.192920190564877,0.135736290067165,0.11088880986565,0.326936603585775,0.1278780454148043
83,0.0254443193740297,0.0248457197615199,0.0247590066221766,0.0247290794172133,0.023946727322058,0.0228008971945953,0.0232338457355539,0.0234398160792342,0.237466497683339,0.0460122813998827,0.0308778466973031,0.0265766844898412,0.472636298374194,0.306864189808057,0.134571223225588,0.0827263720012098,0.476937497204293,0.5176767734947858
84,0.0325895413018262,0.0329933397356972,0.0331092056509188,0.0331526154010914,0.025658481424504,0.033313156421653,0.0366362827376983,0.0379912838945291,0.188712095755063,0.048014996220601,0.0264288380686986,0.0217139965601481,0.309273052138271,0.223407370324447,0.138319325552784,0.0933097874977478,0.313159488667088,0.13371907527527072
85,0.612976620350847,0.600520825544675,0.597365434510272,0.595346708367126,0.635126047414781,0.546129829007462,0.5296027091957,0.52389576763467,0.742177284612092,0.837974732872848,0.696187455037834,0.588313255034807,0.566708473656942,0.718202212605897,0.829282436991513,0.888785986233797,0.550374252527709,0.6159807528875292
86,0.43667585577703,0.389666461232184,0.381544027273424,0.37874175182606,0.42827076664977,0.236778041691673,0.215321382037485,0.208831320937611,0.971721513146459,0.889442162044267,0.563357659799358,0.346817722681539,0.965138268214562,0.969930924932084,0.969965592133855,0.966478521306373,0.964846381956867,0.9711095505212746
87,0.629484173117603,0.651236960175637,0.655095824487696,0.656429281854431,0.661579332782657,0.763429892818461,0.773595429737602,0.776064754879435,0.207023136967034,0.445837706890043,0.578612042494705,0.701096870650581,0.20963979563682,0.162521560572054,0.227732423208731,0.369592018534704,0.217222545009711,0.3713026647144848
88,0.180473811731532,0.201250420499376,0.205259508479304,0.206661940519578,0.142309899194348,0.306167966646347,0.342646259364295,0.355254566015191,0.053212476032506,0.012794494264758,0.0423730678547708,0.130077777842587,0.107566566097252,0.0881253257325636,0.034720002015899,0.0159471966966948,0.109730725115661,0.21708479941761405
89,0.000500180158130359,0.000487628516614658,0.000485869799228822,0.000485279567216113,0.000406434356411856,0.000416948942146056,0.000462574237592217,0.000480911983848586,0.094912493264679,0.0083464867263745,0.0011584588720025,0.000406968602973845,0.2679342188584,0.112371253009082,0.0508350367925765,0.0326840593940276,0.285257100278331,0.3542827568510365
90,0.000756287020830859,0.000700747063222984,0.00069210543146947,0.000689120110254349,0.00105624201819077,0.000602871084217305,0.000582055113847346,0.000574880537643097,0.0702213064073534,0.0193735318142226,0.00611676173256726,0.00235611746481612,0.149227102799931,0.0763446585086441,0.0489975551568567,0.0436683324259631,0.158345041250503,0.49884893559732546
91,0.494880798448349,0.510848062304658,0.513564747493267,0.514492803790067,0.581293259000037,0.614092933412137,0.607397912309191,0.604046994051154,0.159314394847081,0.274992297747649,0.633249379331615,0.781414034898399,0.145517842207355,0.190102385729253,0.168277783379132,0.14431681610041,0.135085997030768,0.19139226057028835
92,0.159125474993588,0.158150970583804,0.158100418648464,0.158091221365678,0.133735506117815,0.148967346000927,0.156679970644469,0.159829953693768,0.360538389244691,0.183065135626089,0.135596497697078,0.116502078432826,0.472701043186789,0.38643577967245,0.299033243879319,0.252316759946144,0.491870305693647,0.5782667624844449
93,0.573775702998878,0.580104534726869,0.581276383507566,0.581686705491842,0.518270187530117,0.596071126656278,0.606462799806705,0.609357896081834,0.391939507553245,0.258469654723599,0.410502180949929,0.50900368563774,0.608014392638269,0.452692001371776,0.260844075521513,0.192788338784325,0.615279882437402,0.2906654957097813
94,0.0896780404197883,0.0960814705726618,0.0973016776324245,0.0977285089224234,0.0750650085099078,0.124783711620144,0.134626412670243,0.137977513787871,0.0446430462835049,0.0258880506403858,0.0343721342101846,0.0636255029624782,0.108674356214906,0.0412973821710212,0.0325007060980176,0.0350188031905513,0.131570536374808,0.15521099154206197
95,0.721405377632634,0.712861709655148,0.70862445309232,0.704037498060454,0.700474390542077,0.659796619839288,0.654363473816476,0.652455569445586,0.714498608161623,0.706061451557252,0.72353965444965,0.693780539530496,0.730744304597661,0.712758979348478,0.694265390887349,0.687608744325654,0.731409398299771,0.7718619846255077
96,0.491278727689703,0.483364356149313,0.482076898971375,0.481639060665539,0.432450655244042,0.423388202671757,0.43266878287222,0.436914072150278,0.599019636300583,0.603804415543381,0.496792106972533,0.37002641969674,0.687854316507093,0.594302709891457,0.533221632919869,0.541306223365678,0.693710456941676,0.8112221176778754
97,0.193986710084483,0.205315977325675,0.207538479917026,0.208320671694905,0.158275366281223,0.240779648382943,0.26641753249775,0.276419091320199,0.248094474092362,0.179201434488023,0.100791197433919,0.114086794970525,0.155469615037656,0.237113901726092,0.343580140522435,0.380369381925061,0.154558757172217,0.2648441047011888
98,0.686544119105366,0.685545014898643,0.685519731670741,0.685522241204079,0.565874539837371,0.629808349124534,0.651840318975512,0.660178770956487,0.847860334151959,0.564168400178099,0.396494489812435,0.391231881638814,0.812370369941918,0.870951666368074,0.851472798345536,0.785926801832981,0.805566355593078,0.4639722851384198
99,0.575045379586226,0.561658268589807,0.559250864092145,0.5584130532495,0.5601362385643,0.489796103522181,0.484050612145727,0.482713302332758,0.767353302981701,0.820139401832981,0.651034238178428,0.49694024406524,0.665373130277207,0.750965213671912,0.819040715386869,0.844579501108976,0.654759729806324,0.4322407392306795
100,0.0360328542861985,0.0402237286465809,0.0410033371025788,0.0412734912668341,0.06257414993629,0.0717951386000173,0.0731881438754758,0.0737133444788082,0.00389425155215484,0.0756524687639888,0.157531447969034,0.15473005242769,0.00152823586769613,0.00256066075736694,0.0105387365125966,0.0340419193693069,0.00155073900237312,0.01092760631197609
101,0.763015170010549,0.737220499711848,0.732417405325745,0.730736735165714,0.682414315753088,0.569204976886477,0.555871960393668,0.551929682141566,0.977591633154296,0.879811751984285,0.658284455833454,0.527820038159435,0.965102276973298,0.9785228324997,0.979952976778422,0.969633763028246,0.963550652621391,0.8975697544966382
102,0.88683388184263,0.901218052534189,0.903707001286001,0.904565300217556,0.904915731059571,0.960512638041975,0.966385209523009,0.968112683043949,0.465547857313625,0.658582116888286,0.831238183131754,0.93903372948014,0.430859385010504,0.432510802890613,0.493882437590093,0.588470680835732,0.435133938209626,0.5046960914071295
103,0.289518086827149,0.276203822097567,0.27409432308933,0.273380951061056,0.23513397211401,0.21501770529465,0.221365021707787,0.224450705740026,0.828374571690682,0.52548627470928,0.246764906803502,0.166638652226425,0.818913244937148,0.854325102290045,0.811023249139423,0.750773965077818,0.812488798650156,0.6492104963887017
104,0.55441030374267,0.563113928907551,0.564541445433961,0.565026422715989,0.589408670529707,0.619884378498817,0.612356015099755,0.608403670492691,0.298171308480016,0.338542588053825,0.528897625546465,0.673632891295634,0.332013389378016,0.309961934532039,0.278215030449211,0.285852962654431,0.324960705340106,0.45563644243328205
105,0.0409807382177321,0.0374488962770143,0.0369316141117526,0.036762208657249,0.026822686853112,0.0242202159111404,0.0259743464668617,0.0267940344059363,0.807959211772453,0.148100388820381,0.0331547197300288,0.0172861836658453,0.939725066249476,0.869087362680855,0.639063092088039,0.412050231071193,0.940936367859949,0.8250066906686613
106,0.340416880038539,0.347128796164317,0.34823110272451,0.348602665958274,0.407984223271332,0.397568100978412,0.390491923307107,0.387861557107413,0.156964519016058,0.295530308828208,0.507652780105601,0.571448358865608,0.133192197614815,0.154490952859081,0.191276300102614,0.207978608385095,0.134803239796631,0.10681977450325242
107,0.219269026044512,0.234409523039572,0.237376433788293,0.238425625070696,0.171616236374097,0.287037817274381,0.320829029405531,0.333836224054654,0.110955298251227,0.0855371435533669,0.115307772098759,0.147430719008943,0.211631169905029,0.131397213473284,0.0715176739724819,0.0657829984788212,0.217370790441426,0.05289462139817336
108,0.576955044979575,0.590383024586774,0.592923529224764,0.593816269224707,0.504568332364782,0.625051352022854,0.650853614291689,0.659600339990029,0.405480551188128,0.369661024562497,0.395736574329427,0.428367777679989,0.484612462113626,0.397735378826586,0.357401504500632,0.394758599211064,0.486638232953376,0.7818551087483712
109,0.356146126634028,0.35495740016381,0.353638646486989,0.351900518725091,0.367113618827965,0.359626502472098,0.357147569581774,0.356202361454287,0.319656479237376,0.403695466943432,0.35346932073769,0.365802017246537,0.325263596261486,0.286421365938963,0.336065709882734,0.411136643978885,0.342364104588411,0.7435108039311793
110,0.343966642247128,0.38708631034121,0.395206803833427,0.398035789824711,0.303000541536348,0.607677412857244,0.661845344043491,0.679393931862345,0.0246367351678124,0.0238074926418572,0.089523619115586,0.295972481865102,0.0408216723641676,0.0269745835713719,0.0222474455904336,0.0232879275595282,0.0468385762493726,0.10857745208088276
111,0.111708897922765,0.121394330654894,0.123331889769207,0.124020204878353,0.0883930401791136,0.152727256432352,0.177182687108264,0.187546222345244,0.0686182721936706,0.0335953061444437,0.0715256511572723,0.104457299052103,0.132286399039962,0.0869144099355509,0.0494279771655215,0.0331022060561433,0.136333380703445,0.1569909327894624
112,0.0137471268158089,0.014446776250277,0.0145803500879249,0.0146274920938317,0.0166457185397509,0.0182185015701504,0.0190286148550621,0.0193649493432007,0.0250504960705286,0.0482855492311258,0.0459840974626589,0.0270800877410828,0.0203109375952015,0.0275316845022167,0.032323054159025,0.0402448846902024,0.0201413059360074,0.06479180010561747
113,0.0529459386605672,0.0528418641222437,0.0528589234916363,0.052859824588679,0.0487127060195498,0.0526257067462881,0.0549146160281984,0.0558517394987906,0.281944459935223,0.0921795992387453,0.0531087438870592,0.0450147521292685,0.276596430020992,0.333859927637724,0.286085103664588,0.198225499039878,0.276204348268716,0.537407365999925
114,0.624686022488522,0.648348980771561,0.652517314464048,0.653953301535527,0.683145680220058,0.774687325953548,0.781886039576717,0.783457386088965,0.203371892259754,0.378095262208993,0.617730885206512,0.801297227371858,0.165288550960522,0.212016489216831,0.234404214452442,0.266117096528275,0.165406638815457,0.4527153800859006
115,0.826636888793728,0.834639565022491,0.836019448220064,0.836494675574319,0.822501690535402,0.867488567708182,0.869954779771504,0.870032654677181,0.564043450150775,0.603242716131483,0.739729514686693,0.833171623045454,0.597813475360051,0.567997944079227,0.532199905723111,0.546629200492558,0.595297099338021,0.38460973416267596
116,0.0379283972928657,0.0376819360288443,0.0376207389072536,0.0375981154604513,0.0613315312453691,0.0443175670229644,0.0407665213680307,0.0395421890731859,0.0511470669711838,0.0752317548276458,0.117913896435055,0.130194468390055,0.0420404677109596,0.0483242152383213,0.0710977393554899,0.0833057853756225,0.0454833497369243,0.01364262750458678
117,0.845662952801476,0.853164398508943,0.854423089365728,0.854853838666666,0.870350777578716,0.887231784202598,0.886104141615808,0.885093604074285,0.645892068727683,0.866406822307685,0.8584160297388,0.854521412236286,0.477723071247903,0.598977397188365,0.742307868157744,0.852440834926894,0.470851997959687,0.16791289482697258
118,0.371081827323717,0.358638377731159,0.35621200708267,0.355354541455847,0.491434115754989,0.344568398517656,0.314771244256237,0.304674196794321,0.343337378102271,0.735075977498926,0.716629674479543,0.60787425225686,0.230362625899764,0.268225920815313,0.450023154480313,0.66720532904181,0.239844153873992,0.36171996288413155
119,0.297506612810683,0.30841485378416,0.310603394194307,0.311382075653509,0.242971363498309,0.330590841691315,0.360962343699215,0.373046712564223,0.267644839771851,0.268234785239485,0.223847258751735,0.20004234309861,0.310704146975021,0.261498081986394,0.249079067393363,0.287460470639904,0.309920985217593,0.154155931126574
120,0.529101730467745,0.518235201530504,0.516423054888143,0.515803460536617,0.444041104402768,0.439200195452144,0.448441333596407,0.452545184712372,0.824821176392467,0.585512579260664,0.384891132122067,0.325374128861925,0.78260766095239,0.841499961913374,0.835655434899977,0.792708366787909,0.777758940658297,0.6386409948635868
121,0.714792180365401,0.729355394797962,0.731926983556263,0.732813769149286,0.71855925654126,0.796650379096861,0.804529833778754,0.806329060204734,0.500013300500571,0.53053372404318,0.588278821533176,0.699575445796206,0.389592155749402,0.481512863244291,0.580137960075547,0.633745422744985,0.380185063056808,0.6437789702334049
122,0.411684530371035,0.435056697204558,0.439286915952773,0.440758669053907,0.436486142529348,0.565052825191042,0.579022059946229,0.582750387392992,0.0909919803592997,0.122666777864888,0.343021843276124,0.550578624149495,0.125017617563053,0.105859667235724,0.0787221611630262,0.0737005375760239,0.12218852409683,0.3650178965584946
123,0.68307510386069,0.691392699135673,0.692918128116466,0.69344782799925,0.646719509064476,0.710149849438499,0.722657277036042,0.72687120365308,0.519270721117021,0.557161488432652,0.572046175556856,0.588890646151552,0.54328050979744,0.530042410266566,0.485632537518018,0.501584478523088,0.542594176639175,0.6938869088279513
124,0.12929763458066,0.135713533330845,0.136906722535294,0.137327832626321,0.129528922427759,0.169474769514426,0.17642991118815,0.178751525521485,0.0883560425821294,0.10658736932151,0.0937124496384012,0.121588110013226,0.0878435553627617,0.0804080622693668,0.103977140928512,0.134450899571017,0.0902178371984881,0.02304663142924801
125,0.0037897076894029,0.00430208621939898,0.00441180219504844,0.00445130115887882,0.00184777530193103,0.00542038543390444,0.00727568478655416,0.00812249509092589,0.0469717117975339,0.00170452267345778,0.00105247604257785,0.00123984304695113,0.113490803815117,0.0824702512433457,0.0285650005523289,0.00916229991767636,0.111842743143821,0.17184471964355774
126,0.724931436685517,0.730991573119232,0.73191325710854,0.732220488647487,0.763862039561282,0.769568396194849,0.758959138121072,0.753794022157389,0.453870638178696,0.655206888087881,0.778729042777135,0.80009234910603,0.422121193842563,0.420777858907447,0.491785450131581,0.552372331243341,0.423384374714557,0.6039504379629181
127,0.0347580505637148,0.0329446915860563,0.0326330368201782,0.0325258675474781,0.0451999461934036,0.0305088679500669,0.0282808622672274,0.0275281451958721,0.196810538544123,0.146288288714877,0.0903546914670723,0.0615606092452987,0.249875230103971,0.177484515657451,0.189265319283301,0.217580556214345,0.255745233431552,0.13650500802720955
128,0.523246083136047,0.536563218965306,0.539150947322829,0.540065376098365,0.437554694770593,0.564873591759315,0.596515671032959,0.60794455517764,0.536530290196109,0.320680023277373,0.28643328243844,0.332336848323559,0.482917118043666,0.585579861374371,0.551239966137737,0.484392176981964,0.470361545870026,0.496073269938351
129,0.112236379139425,0.110556330863426,0.110296171803986,0.110208699254426,0.119967476571061,0.110084012317882,0.109628620386058,0.109654072292883,0.386771976995561,0.173893285527635,0.107623788719093,0.120803215746444,0.246255110332308,0.439343446098486,0.488369107363655,0.397876530088177,0.230376411468143,0.2620328847241784
130,0.114236511519935,0.120872949100895,0.122155615363944,0.122607749863449,0.0981209194859392,0.14874555832962,0.160737496160971,0.165111157045335,0.0908199855294447,0.0330169818054772,0.0679742144215165,0.10154742244224,0.170752856839582,0.138476861365894,0.0589182697033573,0.0291445112252444,0.170099111893551,0.1390443750152136
131,0.0595301080077922,0.0635678575082382,0.0643560322143688,0.0646342274332208,0.0474278259761199,0.0786189877943034,0.0868917512001144,0.0900081669471149,0.0586481762342631,0.0163255141373566,0.0279702149995591,0.0460807835060566,0.153634604953631,0.082178222598011,0.0312672391043716,0.0204222105796292,0.15935718763883,0.21095182335781015
132,0.044787609413783,0.0517683775651705,0.0531640774916494,0.0536601299925419,0.0295553997491798,0.0834873297521607,0.100912771326965,0.107688711824937,0.0129323123673576,0.00423825402916744,0.008934215143375,0.0220611454158912,0.0494143029347816,0.017235430859484,0.00696149960837866,0.00558128033965277,0.0483898649959575,0.10184567974987435
133,0.177107141947978,0.171461887432365,0.170525856320932,0.170204065587035,0.186204531475855,0.157297369681265,0.154566425856972,0.153883667314955,0.334817164830336,0.240600878819684,0.241041425510553,0.220739649721696,0.462988095913378,0.351004071558036,0.266700741234909,0.251126777383292,0.466642677089627,0.5816768340091149
134,0.346027403352885,0.329979897835431,0.327004230097244,0.325932717972651,0.427063676704191,0.294043564909319,0.271329941443403,0.263897825967937,0.506167993508036,0.649021789163031,0.620858147469753,0.513380241461633,0.388510203011139,0.456704970531638,0.60972042604941,0.684827945112995,0.389460216516806,0.26341751587900775
135,0.857176671811502,0.870457805120754,0.872837974049653,0.873665811743777,0.859271017757634,0.917605409325587,0.929976545253882,0.934482251711403,0.528731942444026,0.694372741063459,0.867088960779408,0.893859185973129,0.506807935214821,0.533691095176189,0.53349447416659,0.53998328994354,0.502532656579113,0.39881287183695957
136,0.0696545146857743,0.0693201966324155,0.0693125103763474,0.0693296922322074,0.0642184585827921,0.0683863546028246,0.0709737494395858,0.0720706433078195,0.303434234269835,0.0778264651993341,0.0554325657222782,0.065365216071671,0.340198729504708,0.348864560764678,0.286888404718364,0.205907587148779,0.344995128157352,0.258320663501152
137,0.0352881962585552,0.0416759607642838,0.0429684392963474,0.0434205185134711,0.0242813144280062,0.0706163836859294,0.087753031573327,0.0947606509313427,0.0191185976473465,0.00738701227559524,0.00958530064077967,0.0193532479150107,0.0183944981073776,0.0259584844430334,0.0248327528711725,0.0199471120730349,0.0179373198920963,0.02150295471380881
138,0.54527403911084,0.575057134052767,0.580544008570801,0.582461651463913,0.543261559519888,0.70319836221971,0.73674589917244,0.7484770612668,0.23614582978037,0.468879313732381,0.474531987109772,0.503473923761032,0.121733841419298,0.218799811061931,0.350939001375318,0.449185671028172,0.117007773530916,0.19549111398875219
139,0.958953447301648,0.963091512937999,0.963821605983974,0.964074473426435,0.951936553570989,0.97528927301255,0.979145836164503,0.980446617356798,0.812798677503433,0.884164397213976,0.899330230183994,0.927152984358347,0.793223112403246,0.793323944895972,0.816188312424681,0.847204664206626,0.795846717654237,0.5854970515014191
140,0.286798585745932,0.309115855455745,0.31327757676805,0.314735680307196,0.293744190197378,0.419085590558935,0.44473200543508,0.453703580217544,0.090390773082264,0.145239076750423,0.264053772406462,0.330320449416722,0.0625563068821153,0.100275598180054,0.120129749429032,0.12739934908276,0.0554374112283045,0.013117297044608844
141,0.608854781783906,0.578980104662801,0.573347970169935,0.571371605826838,0.670057926962841,0.47933936368523,0.440073801597849,0.426663882406035,0.837959846383699,0.832624821352604,0.767915194479231,0.69563648749263,0.749195403718155,0.820740681389115,0.88269969120119,0.895980624810536,0.742322120530913,0.41134153063669243
142,0.0787193102348418,0.0849200716169151,0.0862106444352244,0.0866738241025261,0.0483561286044285,0.0977307132194893,0.118806795361957,0.127845448756822,0.174474982840769,0.046661995740975,0.0288155696345634,0.0322330175787759,0.238944520518622,0.199210467223882,0.148637975083204,0.11007563634606,0.239231262591449,0.19479670073449817
143,0.358166429688904,0.333691738132861,0.329381768725868,0.327891699972041,0.366678503286166,0.257273590866698,0.2397366861439,0.234052695141421,0.711003614211742,0.423780173409941,0.415048205625233,0.391169802787569,0.781342738418422,0.765265169637756,0.634263052906373,0.490120891928592,0.78035370765832,0.7790350893727025
144,0.0146804315754281,0.0137281889949201,0.0135691998407772,0.0135118431609881,0.0194180665613464,0.0120874259154381,0.011325354966123,0.0110903732535494,0.168659292097366,0.0741315337565593,0.0541808215114952,0.0327175397032355,0.291737323896196,0.191098138173114,0.123618102228386,0.0971388604788677,0.293922427769244,0.17874461200538927
145,0.318590937014007,0.31084102228104,0.309256064998183,0.308692479639556,0.416235367460174,0.318732506341809,0.291504969498997,0.281761312130033,0.2723060685965,0.421038330257276,0.527058001241598,0.545009449738581,0.222371406903547,0.264320043341464,0.318839870100661,0.361615146058521,0.231567914969624,0.15898149610530932
146,0.622705393138096,0.629740245885197,0.630934264889676,0.63134354439011,0.62279204557847,0.66618456338948,0.664637198120879,0.663016836995164,0.421659165794449,0.331577174657409,0.527511933000893,0.691575602799788,0.495738764077029,0.459383201084551,0.376202157917482,0.305426997675469,0.496420691535227,0.6598923825311553
147,0.362702881719097,0.357532184957626,0.356748359851954,0.356486652560946,0.328336771444167,0.315893111273412,0.32581115182819,0.330473887413629,0.646283261497811,0.596428489541416,0.409652776761595,0.272483718136718,0.507528219938689,0.66816058155924,0.71393088557739,0.710672248161792,0.475258136028419,0.13695487443742393
148,0.152719641928473,0.144238131368726,0.142841385753421,0.142361760253179,0.160118696574892,0.117328321542396,0.115156239501708,0.114905180368557,0.455561025697401,0.381929043101893,0.285174295386366,0.181675087407046,0.517523967270012,0.479616031741513,0.40950956744616,0.394695197483437,0.511589759191657,0.5381606034268787
149,0.011190490858823,0.0115883194498285,0.0116733423393094,0.0117039468427658,0.00828936311117112,0.0124871722819748,0.0139402446340328,0.0145189387093037,0.121301382339918,0.0115172866959112,0.00607037134369404,0.00655029002952601,0.243809797056669,0.15712247632881,0.0805784611382904,0.0443197146971785,0.246280882712345,0.45652829743192314
150,0.0825211081286217,0.0860836322199742,0.0867489921767239,0.0869851869901888,0.0794348561375637,0.106325301822964,0.109864680396922,0.110880690112093,0.0825372036170785,0.0379454038944371,0.0512368888614994,0.0764016730317948,0.131478603742,0.10158018140292,0.0647505989825261,0.0474391549886952,0.129727324774136,0.5124298409290258
151,0.104536376064864,0.102538451689024,0.102135338553441,0.10199235993444,0.148035217708599,0.114395586286277,0.104390561382867,0.100830004642703,0.05556327447492,0.049157387426078,0.221799660145094,0.309261523966414,0.191551508699315,0.0822478632930888,0.0235356753748051,0.0141557454997685,0.194580122851392,0.3789188866770671
152,0.218841476243476,0.2167052634575,0.216521697560047,0.216470950386644,0.165119765273434,0.192317825280089,0.206221324908575,0.211954717580596,0.496867510306594,0.252904331995585,0.152750690996615,0.120939487351347,0.633176105436146,0.485223594006836,0.433548374426342,0.397724789027481,0.646997565452254,0.8630207404323289
153,0.134014772666368,0.12969007448622,0.128786458522047,0.128463182548589,0.242095868374523,0.14710420326087,0.125781718487306,0.118595444371231,0.100189306237681,0.250684684384623,0.41254770154258,0.437968888278146,0.0637858194681968,0.0964935670383928,0.146522945914219,0.180588156517758,0.0603708571288204,0.14348100730790347
154,0.454183377437509,0.44712605365817,0.445681955051793,0.445167310997016,0.512174271130066,0.442377624526375,0.420884728519481,0.412850436246232,0.459729373422418,0.583104847851245,0.543619864396233,0.530854129127459,0.346520615520812,0.429168341368191,0.554519888798996,0.605851865378259,0.343407396371679,0.5340284794234773
155,0.827568871580285,0.820130714578907,0.818512685246854,0.817892264289583,0.846880031679766,0.77898604310714,0.754414375352785,0.744514296638644,0.770014774358135,0.864254329720586,0.875277077214598,0.839009244799066,0.735805793130288,0.778657063427993,0.765380978059556,0.779471466434128,0.725681738087779,0.805105761773417
156,0.736983797106131,0.726045074728336,0.722123485607484,0.71868540234696,0.730804250429345,0.6757662018721,0.654894401578296,0.646173966076866,0.703200486364636,0.670668490603066,0.727712389820626,0.71548613378238,0.760837221555592,0.725021538002668,0.63983105035432,0.607280249512204,0.759879551327334,0.6360485906625503
157,0.425715152367141,0.454610442382113,0.460103546378552,0.462035928240466,0.367759892447414,0.565785597310663,0.614350475050572,0.632097687866343,0.0995810317303154,0.188002843353744,0.293838522604114,0.340323555640806,0.197201796301662,0.115024491971645,0.061414970580089,0.068301221846389,0.20322877100781,0.12150425617133764
158,0.0874342276393376,0.0808698110872081,0.0797414905905856,0.0793517949907664,0.143587595650419,0.0718638110254706,0.0635173158394478,0.0609037976675336,0.347872730265758,0.511992085705394,0.391028416973273,0.243842370201293,0.213384609221169,0.318706867435566,0.465554579810049,0.568620755389633,0.20581810791155,0.28774322444625056
159,0.590814162798857,0.57347852712926,0.569996783304893,0.568759139151758,0.681888287228127,0.541513551867602,0.497184146774776,0.480981882194181,0.408217514972786,0.505231488084252,0.772342178535767,0.836316723686172,0.582365405398354,0.425029068066276,0.309092464680154,0.284091616337644,0.592635272011311,0.673287666360832
160,0.173495233050707,0.18162908855885,0.183323909233682,0.183927021756761,0.120176684366989,0.193015814495181,0.220807935325875,0.232162420428072,0.278760848121809,0.147771613169407,0.100408748546027,0.0830558364500165,0.342767729656848,0.304121176636632,0.245487080001637,0.200607461267935,0.344605830527977,0.4104816969095848
161,0.0130524966973946,0.0145852487614835,0.014901868816703,0.0150154742995126,0.00683345058041518,0.0188900046253528,0.0238790526863168,0.0259702245290422,0.0808859331571216,0.00437118985110974,0.0025486332358291,0.00363169677496089,0.149244553842541,0.126482108928202,0.0575096828428368,0.0227487276275591,0.150050401927834,0.33072565095547535
162,0.0965184910447656,0.102024938061619,0.10306816773456,0.103434846778548,0.0935103167481637,0.129557132262727,0.136945562541714,0.139575997398604,0.0529786055365922,0.0377382368881098,0.0781287430905053,0.111441794942333,0.110060378652647,0.0717619057146182,0.0346822765107937,0.0242987519970289,0.112403285116649,0.12241644367554383
163,0.930514631501482,0.934599837458926,0.935166688335521,0.935340727819659,0.977184693817864,0.965549537364609,0.955037452763987,0.949883181568212,0.625339228804624,0.977716942868399,0.994881619370579,0.996202224134634,0.430880403626675,0.546746867022881,0.742312133977646,0.909123394875042,0.420693529957868,0.4910486202787395
164,0.782552353514848,0.760408274115564,0.755838833489388,0.754163603797748,0.842964162243007,0.681178138099198,0.62391544539608,0.602184312825206,0.723331261914494,0.781036695930539,0.878653951189507,0.901693152019761,0.811955559995049,0.708514379710775,0.653271706326805,0.666653928272972,0.819190047109378,0.6065277657975429
165,0.621057916612208,0.628544553880643,0.630146224326246,0.630711724794884,0.52451318526165,0.607512460812674,0.642425303271442,0.65683976210371,0.563443331663009,0.450261779703189,0.502356850500547,0.479312876081263,0.682954257132618,0.602140481878034,0.466218178437258,0.408917909623134,0.681518362654745,0.6862860894929473
166,0.196688263719617,0.201548456477155,0.202544217642112,0.202826199533556,0.142479249383981,0.204484530048117,0.225296620399563,0.233481574090967,0.280617810627326,0.125794686606606,0.102390787063716,0.106464679784026,0.487660480181274,0.33413787135729,0.174099294968033,0.138973842111566,0.496547069282318,0.28777131728267413
167,0.787850769277594,0.810476439316173,0.814407175651757,0.815704051797365,0.834622210666524,0.915665268826216,0.925964283346487,0.929130382959362,0.296848638799664,0.647598425457133,0.826765796010372,0.896700961077671,0.227662957126739,0.24945011658414,0.371965281481052,0.52233377244432,0.229896850543693,0.5455083534808047
168,0.804106470802876,0.801367710673809,0.800863291331089,0.800685118454401,0.758468283179497,0.755014807957514,0.757947829395048,0.759269894027571,0.787364071042771,0.765344489997475,0.719707102397743,0.68321788357742,0.795472370329274,0.76830208176618,0.778453684275402,0.789406535256403,0.80124507929034,0.5852885239588231
169,0.679409593827243,0.663656809344192,0.661009109795032,0.660105552491552,0.509224311262847,0.534565381746145,0.550970680869584,0.557527878807439,0.949664932845676,0.504101918577756,0.328582217327199,0.321255910526052,0.978683516663248,0.968929399230681,0.900264406672437,0.748125816405128,0.978861673278383,0.9630513249479147
170,0.216836275893412,0.233369136083292,0.236644484087124,0.237806530111758,0.148736630552289,0.293050929181189,0.332826776174901,0.347814679922751,0.171320956912423,0.0212490803670135,0.0451373749120096,0.122656264907175,0.339597768857469,0.220694203351033,0.108613656051781,0.0553342363711664,0.343839841630447,0.2583051492215269
171,0.073835298764347,0.0708650325876122,0.0703736640684268,0.0702056354937965,0.0962884659928813,0.0651405466279227,0.0629715226052877,0.0624635467328492,0.28315745710662,0.416460854513031,0.273036506789398,0.135917913281118,0.18218088661812,0.278562733120836,0.363218924266236,0.433989402628676,0.179061674223159,0.3520988129066729
172,0.21372934619272,0.224132524096114,0.226156040063314,0.226871429384623,0.200173144121063,0.25786385689186,0.279650433420293,0.288419458269304,0.199547434352969,0.384320622414478,0.246215029632564,0.174502664669082,0.109554252841594,0.178837151607361,0.294774334327996,0.407941796007521,0.107796288477471,0.07864752295404354
173,0.587310138709714,0.603929572601582,0.606792805560393,0.607780392100432,0.671064108699724,0.694767293411023,0.694102214520043,0.693575475154637,0.222522216695221,0.560907525389075,0.788800714734508,0.81360994044445,0.155651049333398,0.224228604836571,0.268377593133233,0.349256151897493,0.147749036111238,0.2787131795816643
174,0.889987556806163,0.895809368122453,0.896827180420632,0.897179196953201,0.903388401234934,0.912118229048976,0.915346054135998,0.916897305551767,0.686793739937511,0.869197476487462,0.911848269162561,0.921568047986913,0.597399923654294,0.634148211524366,0.749348435189497,0.835085893676276,0.601323061332655,0.6287172230341648
175,0.486052388710269,0.474668121334973,0.472523816901275,0.471769752474741,0.501831852320917,0.440194132818369,0.423057460576972,0.416803694430923,0.451016202450516,0.394654254699697,0.547476754357214,0.568661200094729,0.611023352625482,0.487137969109309,0.349132408062753,0.282981218079598,0.6240149743426,0.5915529377263402
176,0.0774600438684384,0.0771559177794079,0.0771234971528929,0.0770834077034021,0.0722422259251403,0.078945515804879,0.0809362040580862,0.081682913462188,0.175725446411951,0.0761278419856259,0.0628909353505948,0.0719786873945152,0.311822069932914,0.186869236781345,0.124995822668326,0.109994661339367,0.331990382204005,0.31507228562659195
177,0.82552167899959,0.834253817801998,0.835696131626363,0.836188031822468,0.871302942318272,0.879316525105704,0.875296661576498,0.873210148132189,0.590102850164668,0.879146306328496,0.871714969912066,0.881621997187853,0.375684434973735,0.546022109449818,0.720147727585807,0.850853687362341,0.364703844423805,0.674387546562123
178,0.00315018530644351,0.00346816001143069,0.00353439996873051,0.00355206170260158,0.0022830258533193,0.00473818111757773,0.00546503472512438,0.00574540201863583,0.00492672553456064,0.000334977495132893,0.00111906783372495,0.00281600520712111,0.0884185336229384,0.0102930986512042,0.0010310028576338,0.000356737957144637,0.10719161610718,0.3065328270562798
179,0.549975565218117,0.567669807252342,0.570996711632455,0.572162492683927,0.506011162185323,0.631631055058871,0.660160456547283,0.670303903415318,0.406715786969891,0.387439045137803,0.385719856668199,0.44144804735002,0.33847313130466,0.369767741024833,0.484229030394415,0.52383484261681,0.34099721435026,0.5782992121401684
180,0.0941381937189402,0.0975378722518419,0.0982003735355784,0.0984353113105761,0.0928771791220193,0.112308813092994,0.11871391978439,0.121209411206042,0.15111667152435,0.165960547325401,0.102948458568411,0.0863407779815106,0.105440123367928,0.142843219705187,0.203991093880443,0.25572614979679,0.101979601221266,0.20367716173565087
181,0.0110278122116237,0.0100008996308301,0.00983027758592403,0.00977183727988229,0.0157806814677381,0.0081982352260086,0.00727038737731156,0.00697193818802655,0.18544443578386,0.0868300429360367,0.0504892945343451,0.0263849673946277,0.441819859399596,0.207218312493154,0.094776221921455,0.0811526328274677,0.449907551908132,0.7679906398291529
182,0.282388491751721,0.270447383499408,0.268306207681387,0.26756258887809,0.336603278682312,0.240933907730946,0.227489412477351,0.223253316637833,0.4461799256111,0.601258873899092,0.539927363321718,0.40253318924566,0.359890613815145,0.433346488174534,0.503449046690967,0.566221127894094,0.357600370716894,0.48551689246938
183,0.101633904104643,0.104483863360138,0.105110585845728,0.105338160557127,0.0736643854127077,0.109512652489327,0.121809164184915,0.126685307423078,0.258807456010086,0.10767469631101,0.0415984664218688,0.0442794006161992,0.335167951496968,0.256993106308797,0.23282710879847,0.254712712113288,0.342371582893844,0.34896516079434836
184,0.997596038201623,0.99767437188076,0.997686088088693,0.997689952136693,0.997438896583979,0.996792207528102,0.996529935487873,0.996410164059406,0.993702821763071,0.998213408077032,0.994489664593598,0.989242589000315,0.972156328695182,0.991557718796272,0.997359679070578,0.998832277472514,0.970214548242713,0.9786768871005348
185,0.703749080307235,0.719123769652452,0.721842281701083,0.722783527718231,0.705770367062929,0.790270616437606,0.798214222008844,0.799997478697989,0.389016940103717,0.436425312491383,0.584033910351305,0.728634165266159,0.404498489160418,0.373718407131475,0.38756927009986,0.430371441802296,0.403471122040378,0.8313674341637856
186,0.641364526137448,0.668089585250822,0.672957512468847,0.674655688005701,0.638779205267092,0.792928080133943,0.817059965240983,0.824783843036966,0.268555436469238,0.312579038628286,0.502829071972364,0.675234819970614,0.264480322373277,0.281986662740979,0.278769960082281,0.271624460686915,0.259732765810203,0.13996858471733975
187,0.818480187099925,0.829427984312026,0.831509639862047,0.83224174453817,0.729994717116653,0.849803336561093,0.873123821926311,0.88114788311842,0.618797382451221,0.407847075441548,0.513877439835491,0.650955372516157,0.793577434397787,0.6651945909788,0.47093674735818,0.38254220470527,0.794837344304799,0.7066232486897659
188,0.0126993416804133,0.013589967345226,0.0137050077962033,0.0136801160279976,0.0122347766318602,0.017853843140229,0.0192501109213198,0.0197684605162574,0.00922058072693177,0.00530182419928871,0.0118141763401356,0.0166435973297161,0.0460891586526848,0.0117845941644732,0.00477267186468744,0.00435070036100127,0.0470433390620444,0.3266619412628885
189,0.274888435404063,0.279725526287141,0.280790536246555,0.281175639326958,0.208288982411738,0.279363380542618,0.301359920475832,0.309854937623914,0.411905213751321,0.177899753270774,0.126206115531125,0.149071246165112,0.521738355639074,0.441519243764473,0.34355351014762,0.303380373181185,0.521884629919812,0.3402147127206673
190,0.0919044183624007,0.0821425949412669,0.0805073850356908,0.0799467206107856,0.127656197205758,0.064522657768639,0.0557508860766971,0.0529061796860192,0.565229491560706,0.266031481890796,0.17562527404558,0.164162961884428,0.620713891078243,0.603181721726347,0.516385764713927,0.437288597869718,0.621851415135245,0.4668225752819769
191,0.446526226808544,0.441941769305132,0.441266598073456,0.441042601256914,0.344212615738342,0.401081925097801,0.412887812510818,0.416859557923032,0.663303990555759,0.197888729597241,0.181245611547439,0.248810873584771,0.815245035639471,0.725715272959773,0.532622043675541,0.361932665676458,0.81806065401905,0.7020205572778104
192,0.862646455246082,0.880664971820291,0.883773424104006,0.884829886159151,0.914531631456555,0.958269163335302,0.964924036963022,0.967131300978985,0.556176466832326,0.909031601364437,0.916188693602812,0.928826791399288,0.224146720954166,0.501089807736409,0.787448449761917,0.907631664211498,0.208201267687758,0.3613966330091736
193,0.0271197483168573,0.0278369477373637,0.0279834897982939,0.0280354653076571,0.0303083238366544,0.0312725660065076,0.0326474156680694,0.033252126676385,0.049608672414458,0.0702087278469259,0.0677680995480088,0.0479682828984866,0.0769731821713975,0.0484415206872207,0.0452953132326299,0.0556302223993435,0.0827563443610886,0.49699742953396253
194,0.596257390274713,0.61565447452013,0.619180421222582,0.620403327807386,0.595018214941899,0.702968235943166,0.721397032786695,0.727361544135609,0.299056274995704,0.453990964997138,0.533444381829852,0.584093686024839,0.272889295459932,0.27622966367713,0.333187666585432,0.402510549944408,0.27478276072391,0.17607341172812618
195,0.754376423747175,0.764468963890626,0.766450257432875,0.767149345551589,0.627922896002436,0.773281508271494,0.802297730976391,0.811969651836336,0.745382771808354,0.417555842957482,0.340476053245531,0.432427634479939,0.783574157656949,0.755798991315403,0.712211437748035,0.651429238712342,0.777139557493632,0.8746026159953657
196,0.0270754088535011,0.0264393124945195,0.0263595900320146,0.0263341968622286,0.0254503258120509,0.0245943089743368,0.0256539787645468,0.0261192254699922,0.245762306265596,0.0671732759432556,0.0417266526178912,0.0280159302867191,0.335398429597974,0.297611145662074,0.202286923758736,0.119908886154634,0.339636992900394,0.41848236038197717
197,0.437873935923765,0.461787704539132,0.466270063142741,0.467842099398587,0.407071052375317,0.562442543759301,0.595609623778243,0.607403813536706,0.116716394365807,0.197632157972798,0.330388560040088,0.425568647053464,0.221846032424901,0.134049891189935,0.073726872039612,0.0906839648316543,0.223642898125723,0.16422332733186196
198,0.0196036918670308,0.0242799120535777,0.0252507545468371,0.0255978392199899,0.0121033608241446,0.046605233564499,0.0617111410475839,0.0682150572966653,0.00786851057020954,0.00272548749831003,0.00393742724953483,0.00867887379595023,0.00485955100657787,0.0112519541043297,0.0125732018149026,0.00978143512416685,0.00454414327939712,0.004450190234838836
199,0.157566252285534,0.181995663315777,0.186680796739968,0.188331692609986,0.161889829699276,0.328410267500001,0.36119835548775,0.372274831524853,0.00430074241580447,0.0152288011671868,0.0943709522540235,0.234293133750042,0.00995376745879684,0.00469836654396216,0.00373438228171941,0.00479616998546462,0.0103242850449823,0.14176582462639298
200,0.456567232782524,0.423596813813251,0.417785982750858,0.415774149038322,0.434500551677884,0.311283347018029,0.291194124081237,0.284553180431354,0.942511794781288,0.554450812195783,0.352413960618662,0.35683904696279,0.914689390419219,0.960681855809443,0.946038963923421,0.869591426144731,0.906595398144034,0.8920933406211877
201,0.223869729928795,0.206841696881483,0.204055434086037,0.203105976631889,0.214191720808179,0.154909071178961,0.149938331242339,0.148568991933558,0.75384542708248,0.446935059403102,0.286021915757561,0.203695203615737,0.8948844202732,0.761422148647074,0.627307120412361,0.565126077074609,0.901196664769299,0.9025620021803697
202,0.319258221377347,0.316636042143887,0.316018863768854,0.315795942173469,0.401484383387648,0.335617234360574,0.317364820065358,0.310731020006264,0.225280611666985,0.486286998108925,0.555917832354494,0.496441418728447,0.166218656792762,0.193819199614935,0.293155648924713,0.393381520498472,0.168687340243321,0.18106673944673268
203,0.822735940296844,0.82701504805901,0.82770766732622,0.827942102246926,0.794205133410007,0.84056402282049,0.838832778274535,0.836730028278808,0.658060185249933,0.533586353080543,0.632145159047056,0.745724277299507,0.726284960884042,0.691336926382149,0.595692390743648,0.51242422268002,0.738474801165022,0.66299445280748
204,0.0583031124424065,0.0694172614508755,0.0714987668013727,0.0721066410028148,0.0502310640705923,0.135072097206883,0.156382208707204,0.164056929704088,0.00264699040928129,0.00276183853491974,0.0164734281420547,0.0550241497374392,0.00548334134540407,0.00395018546813719,0.00268408517041741,0.00177949846198266,0.00560451974364762,0.02486736684575941
205,0.571857681068318,0.569276995083544,0.568541831254566,0.568264480852313,0.649889217165992,0.587884418099134,0.560636963451452,0.55013071426469,0.379588310710266,0.473789818347089,0.662101478913322,0.773106212768664,0.363468692614745,0.390439054932681,0.384530710092411,0.391455286394627,0.363861251543641,0.3767679997703377
206,0.301214301464968,0.321366575755164,0.325189993434405,0.326535433545393,0.270170326174451,0.412241057679799,0.443482812903437,0.454543948472674,0.134715632109879,0.10280353595488,0.167801244576934,0.263738007809407,0.162965176389863,0.145167336147329,0.128083420470141,0.127442453318316,0.162802768084802,0.29669936547180087
207,0.186383488913232,0.204694844264415,0.207792847675609,0.20846114189793,0.173454287848436,0.294942037999004,0.319743549565617,0.328215179374988,0.0335032636254864,0.0633761830451308,0.0977397952640457,0.16447202430149,0.0387259305106004,0.0301108150556828,0.0390552255906009,0.05960309733269,0.0398789047274284,0.24082463281257271
208,0.13391050475391,0.143557819931096,0.145635967279822,0.146384665700273,0.0634597618610185,0.150685353208069,0.189935924838493,0.206921310927055,0.353839446016362,0.0451672305257519,0.0269603135377291,0.0294387219945116,0.566316735522998,0.441934926011982,0.234603021127083,0.118480417259612,0.560395831280605,0.23955858120398565
209,0.13217115659832,0.136725062406762,0.137322992251344,0.137300965812771,0.177588092960358,0.172691619550499,0.170542204149848,0.169739696039219,0.0873302493584316,0.2977885509291,0.258843050399453,0.233041451994473,0.0309725162508142,0.062610036107364,0.183540680878865,0.34678335470465,0.0304615344910378,0.06907662634120482
210,0.0155495245819743,0.015595792763483,0.0156269660445684,0.0156404306043951,0.0106622309504392,0.0145795525151868,0.0163417801869298,0.0170667599782172,0.256395965463695,0.0353316020202484,0.00993799498336245,0.00694377359716336,0.420939438232927,0.309121058475719,0.182170642382603,0.109907691125001,0.432559193664141,0.4040689456330646
211,0.801967542568546,0.790258588343609,0.787878407468394,0.786937346087337,0.783041654821778,0.711246362771204,0.693626509194019,0.687033450536416,0.788323608130307,0.831552085480018,0.800047364934918,0.744800102725446,0.845630340224474,0.747563411378107,0.745386785251101,0.803783543254011,0.850902782111674,0.6971883982844969
212,0.552673914485075,0.509421976677077,0.501659103271485,0.498964323973045,0.55209048245366,0.34990486888656,0.321608900265841,0.312695846955485,0.922558787336338,0.812998900224481,0.697352620859545,0.540455443919928,0.949594677767346,0.930651033323196,0.88590916575803,0.833304315670567,0.952353438306466,0.8639981342292238
213,0.00826412947154775,0.00801180119061806,0.00796470174201902,0.00794824769077107,0.0142799086877923,0.00858875761804456,0.00775163893475561,0.00747758740916327,0.0365732735517277,0.048985759756166,0.0564601920633108,0.0380358427090441,0.0509791657115855,0.04050131233214,0.0364390472691657,0.0388696971264814,0.0492585004325415,0.18298310207572543
214,0.530073755820523,0.519120655656811,0.516862122503557,0.515856005149659,0.560113683300106,0.482186157170889,0.465843066906166,0.460155965905297,0.538620815039525,0.653663376467836,0.648272094680154,0.590371063764151,0.534835887204267,0.50731636929719,0.547577863650683,0.610689762746821,0.537921454984349,0.8466148806074719
215,0.0139832082526498,0.0151993557418793,0.0154388246757367,0.0155127264191348,0.0167145099089363,0.0211988835069241,0.0228562837833972,0.0235227646171761,0.0255936233483207,0.0868422724451678,0.0418988364773524,0.0213320172478566,0.00445233447035642,0.0229959170339054,0.08135867557166,0.126462516723883,0.00429195456164311,0.037967722536388915
216,0.873462021212654,0.878334400232326,0.879282206606922,0.879616777464371,0.790821124801993,0.872077764574605,0.887932071555702,0.893163385233897,0.835161284112772,0.675247977408548,0.559925110184138,0.604293294024933,0.857624421895188,0.817615508947554,0.820671225697999,0.812774467763745,0.859661714552706,0.7270248455265824
217,0.177803379145518,0.19307782563829,0.1959706790473,0.196987393930349,0.191953103863818,0.272395923164924,0.293103525987786,0.300877788890953,0.0768115298226377,0.214727949356065,0.191478042079457,0.200708059970672,0.0304895361048185,0.0673311431498471,0.143569884047845,0.232659443992533,0.028384222760045,0.23270820851929275
218,0.981965480337756,0.978844083824934,0.978186146888771,0.97795155679383,0.959407612240301,0.930359958135816,0.919237718475261,0.914292759188913,0.997026091423521,0.973550253814304,0.865598410981808,0.818383501247937,0.994278327548848,0.996543394433345,0.997481175143068,0.996538018025233,0.994146321597716,0.9788747354350321
219,0.156607182117834,0.160692975069346,0.161424902959176,0.161679234727146,0.183212703670584,0.188788061227114,0.189419018913326,0.18961017566948,0.127923970642015,0.262796542453844,0.234438340117878,0.213066601989091,0.0834150804293661,0.115759485649886,0.182150774974677,0.257853307790567,0.0818007445045891,0.3529827688934404
220,0.487414569644921,0.499099632791662,0.501362605610895,0.502163803781199,0.412202508206157,0.524422862587209,0.551777405551912,0.561657778086502,0.478073675275009,0.283932575563092,0.283359069665295,0.329210003668907,0.466353787542153,0.520659087186086,0.476504840037625,0.399324775121407,0.461070589157317,0.5948413489691875
221,0.25980145986224,0.26268193615697,0.26334360531447,0.263583819014323,0.215590696340408,0.261541938413874,0.276324796663978,0.282082756697738,0.32063224433191,0.17656274527247,0.17814710138933,0.192578329038478,0.462261711589724,0.31802136731413,0.265728585862157,0.238409867884379,0.486468555755306,0.6573139032313253
222,0.697692576923036,0.694132329809688,0.693542492646379,0.693335910106728,0.608800059847656,0.645285976575488,0.654309493578575,0.657319481463945,0.820626239640829,0.566726707817105,0.451899221700151,0.461463159624467,0.820643140145946,0.842255401944888,0.806502221684878,0.728782634741718,0.807346209335659,0.919140156760057
223,0.120705892068076,0.123399087064078,0.123991200887124,0.124204281927671,0.0880114791649638,0.129998035954206,0.140875671439914,0.144887887731815,0.165681918131081,0.0412359733613501,0.0492261480277634,0.0705542923289835,0.478979565661114,0.203949546937189,0.0733839034434436,0.0475308373292196,0.512293492235344,0.421533342638434
224,0.0660001001027222,0.0690023752421995,0.0695944155874693,0.0698040173725442,0.0596634262416462,0.0808220193310961,0.0870104380711904,0.0894003830199031,0.116474900656892,0.0531978345241479,0.0506224792778603,0.0603832161516817,0.134035814218212,0.125711836492937,0.119659451298603,0.109816672518661,0.137079962951533,0.29780054845693005
225,0.409383998239517,0.432776922088113,0.43712574683814,0.438649355042818,0.396046539880856,0.530392333715368,0.559195116330802,0.569660854955423,0.161304965954589,0.173823499215185,0.309979484622452,0.44805633377664,0.151648827734173,0.185496848936081,0.16995536075392,0.160900678007971,0.147536912280314,0.09142788390382339
226,0.66453636676274,0.660369042171466,0.65958761967588,0.659316025588843,0.650621570109647,0.619884376725734,0.619435074562083,0.619914140136902,0.506066719169598,0.774235256352282,0.7549915289061,0.638541184652397,0.614091041611127,0.462031670358194,0.432303637295862,0.553954790230578,0.644775886082509,0.7913349416205755
227,0.65912423871327,0.660200459974321,0.660299794386088,0.660326663437963,0.63561850679518,0.662072045194328,0.656747158907655,0.65362943419814,0.585855153039704,0.396222214409012,0.502456899824618,0.615399423706913,0.622562910965974,0.646396397612874,0.537262938748899,0.433837433092703,0.616531252740438,0.887506989956186
228,0.315797464428602,0.321113100003528,0.322388426472854,0.322856407023412,0.218945742010933,0.303816471083775,0.337959855684655,0.351906804447477,0.596296539001904,0.27088569817745,0.149453208726001,0.137328216317725,0.618270133658342,0.633598524078782,0.574119884535303,0.48246986101381,0.590789966279516,0.1419620572641469
229,0.256455328260168,0.260287978452515,0.261133021171855,0.2614327815269,0.209525162249758,0.262650542530052,0.279872173375437,0.286667157449249,0.286655977401069,0.147299568257566,0.173409781583493,0.197393145961396,0.451142632708997,0.309363653527132,0.209833080599663,0.164362787388369,0.473151896987499,0.6567869062316902
230,0.408741664836255,0.433599327198704,0.438248619569289,0.439879229369968,0.374471836098599,0.540201130679221,0.573457359653568,0.585107463470999,0.180861346124318,0.116188394751336,0.214309511749113,0.385052223725905,0.182389047428456,0.202531774964119,0.183743227487142,0.168341667535898,0.179554150119331,0.5412663408882743
231,0.632191003125715,0.6360708276391,0.637043006848432,0.637403665450974,0.511047752741853,0.592483327448346,0.627589056419276,0.641983253998257,0.687944616811983,0.564942396562087,0.409277244124808,0.378609112662514,0.747665426081787,0.67957640698453,0.642530515133867,0.648542911327282,0.757422456278046,0.9259144490190947
232,0.0303415675127974,0.0306988443053043,0.0307913582452273,0.0308251722403208,0.0279094283286762,0.031957007788011,0.0339269338833663,0.0347347097391688,0.139497804368041,0.0525662874094682,0.0310986718537405,0.0280386118832547,0.208394651362744,0.13797052199221,0.121863674144983,0.123991803224065,0.212093447619558,0.3651498844274743
233,0.17380790912656,0.195379376372841,0.199532176704989,0.20099600865493,0.182069429889791,0.316603200069219,0.350866714455396,0.363666383564171,0.0300754771349446,0.0789989009396174,0.152712510932513,0.216944688381849,0.0179652280815914,0.0272280919195311,0.0513271291746247,0.074870960015573,0.0177232052510966,0.10218638753447506
234,0.0891709880719496,0.102748934725684,0.105420324552065,0.106368488396299,0.0865104409890188,0.172011599413004,0.20010774322857,0.211374646052019,0.0106717248187456,0.0558917556004077,0.0992996844131263,0.106726561191529,0.00947411023551503,0.0110143838841616,0.0144192858962642,0.0272073074842708,0.00894854588024985,0.04773779554561419
235,0.0530419546533427,0.0613817991791228,0.0630430406174477,0.0636321933275557,0.0410397145891304,0.104325800698566,0.122976117498643,0.130100115494491,0.0286946663445553,0.0065543998969142,0.0121409628575294,0.0356145607380403,0.029347678412365,0.0449116225116857,0.0310543301787147,0.0190547512345575,0.0261806373183679,0.0482537942079706
236,0.85850719401442,0.870856138059897,0.873032718426466,0.873786943188655,0.876249778852261,0.922391437838309,0.929786017187522,0.932280653917841,0.532443868414321,0.771917042633517,0.873362957187373,0.895952846278286,0.473668848479202,0.52981591717724,0.556279164846898,0.610652100065139,0.474538429039899,0.44688506957346763
237,0.251450060109959,0.276507713941766,0.281196232894378,0.282705350829461,0.239084509250414,0.398516110433419,0.439385031784136,0.454576887991022,0.0605154835004161,0.100462435033194,0.190802388406955,0.266385031113277,0.0568923666205429,0.064934015692419,0.0712075451627427,0.0855224367995617,0.0571644284042674,0.048227195028902714
238,0.0435948634514111,0.0464743357716731,0.0470627822940841,0.0472709096459438,0.0369883758832612,0.0559238827497237,0.0643016065229381,0.0678629567470891,0.0776416343375979,0.0848587519096518,0.0491981126216767,0.0348504345093141,0.0882680431263131,0.0643181915303657,0.0947158512384667,0.129946629559373,0.0907019511457625,0.13087990270335237
239,0.534227349863434,0.527309688105418,0.525946452823488,0.525461043959748,0.588492312236385,0.502226819939173,0.488697460825915,0.484434065068972,0.664156793797198,0.770448450859688,0.72953303722571,0.632024252204965,0.368991397621549,0.686378888303607,0.813223756589087,0.824112880832408,0.347458087482103,0.6247373219961949
240,0.0267708032910339,0.025454053983378,0.0251994018350972,0.0250853163690608,0.0500657651313585,0.0260439350011356,0.0232165426966452,0.0223310314507303,0.167971818628915,0.232725654837463,0.163646445700613,0.104797395209333,0.0564580752799515,0.163162365720866,0.324597921390642,0.351815667699855,0.0537033261720584,0.03808749933817224
241,0.14101447537098,0.145554556111407,0.146431922419918,0.14674152699897,0.130881977057077,0.166511186540265,0.174395553203777,0.177176606254719,0.140878987233503,0.11520076461201,0.117956851275916,0.120768329044037,0.195987585757306,0.171558830085914,0.116447273092619,0.0929681372718534,0.197635067424657,0.23324237340625398
242,0.580500436840735,0.584458414035743,0.584411456443069,0.583546898140206,0.574117090752374,0.603995595572585,0.604524655723278,0.603941931800478,0.469830047869234,0.403911789449626,0.526226388794611,0.60070410966274,0.473729251191482,0.497110177068847,0.463999630152758,0.424976391474701,0.471326204805817,0.46597990300084013
243,0.240968068101302,0.240911433399396,0.240960566443326,0.24098219027777,0.23977974875872,0.242018674748378,0.245794487456141,0.247419365631498,0.382133772093771,0.343518300174919,0.258324512273046,0.226515219236514,0.282287795701629,0.370597066229283,0.472299048708446,0.490244727143622,0.280430578196066,0.35026453587146833
244,0.443525620804002,0.451604432751446,0.453095181634197,0.453616386894559,0.433534866364938,0.481195355564328,0.491555259440472,0.495363078991088,0.293133920401146,0.333700684871088,0.405660678536557,0.454165674680501,0.332989994775751,0.280544023459275,0.280018739822359,0.307481817217467,0.336322741276345,0.6285152925220211
245,0.582145784656707,0.616687847042158,0.623076937211373,0.625311477972646,0.567571066617426,0.768243429498536,0.806982234325474,0.820348579737096,0.155956029372362,0.272502804593053,0.474856427241673,0.59691630648226,0.176517909555359,0.165121563882572,0.15138434953583,0.160843135988492,0.171611244463045,0.026967483398212866
246,0.350129675709733,0.367577796597914,0.370856982146622,0.372008824691807,0.327806019656623,0.439911255473862,0.465445004103344,0.47469469429263,0.173966252694933,0.192409486810685,0.264976851593599,0.328832361109097,0.182007841281119,0.177643977312631,0.179459594032676,0.189699820113003,0.180949583792925,0.6242800045643591
247,0.0742233313213783,0.0798968362932967,0.0809867271424709,0.0813684356914088,0.0701709958210605,0.105471293428829,0.11473891024181,0.11822196657379,0.0499501066655701,0.0584749616882518,0.0604236710966055,0.0733447424089799,0.0537647726198143,0.0493261529907474,0.0558904454344509,0.0783153000246716,0.0539648284510543,0.20180212342540282
248,0.449418279366235,0.479233624655176,0.484792267199699,0.486739621815301,0.43500821287691,0.610207977019194,0.647329757968832,0.660614807267778,0.0851971570746952,0.17381531121082,0.38111264997218,0.507401103917471,0.143107109718356,0.10149587500164,0.0627667358947596,0.0635307680718291,0.146308281555767,0.5185248321314129
